{
    "losses": [
        3.794724941253662
    ],
    "accs": [
        0.8897500038146973
    ],
    "val_losses": [
        3.808244466781616
    ],
    "val_accs": [
        0.8681666851043701
    ],
    "test_acc_original": 0.9557999968528748,
    "test_loss_original": 3.6928632259368896,
    "test_acc_inverted": 0.9132000207901001,
    "test_loss_inverted": 3.7398476600646973
}