{
    "losses": [
        4.0661797523498535,
        3.913877487182617,
        3.8990988731384277,
        3.889599323272705,
        3.8838486671447754
    ],
    "accs": [
        0.8632708191871643,
        0.976395845413208,
        0.984499990940094,
        0.9899374842643738,
        0.9926666617393494
    ],
    "val_losses": [
        4.084360599517822,
        3.9230451583862305,
        3.9107508659362793,
        3.901035785675049,
        3.896730422973633
    ],
    "val_accs": [
        0.8361250162124634,
        0.9626458287239075,
        0.9691666960716248,
        0.9748958349227905,
        0.9778749942779541
    ],
    "test_acc_original": 0.9699000120162964,
    "test_loss_original": 3.904916524887085,
    "test_acc_inverted": 0.9384999871253967,
    "test_loss_inverted": 3.940840244293213
}