{
    "losses": [
        4.113927841186523,
        3.913686752319336,
        3.8996691703796387,
        3.8905930519104004,
        3.8853940963745117
    ],
    "accs": [
        0.8228333592414856,
        0.9767083525657654,
        0.9845625162124634,
        0.9898750185966492,
        0.9919583201408386
    ],
    "val_losses": [
        4.13422966003418,
        3.9231832027435303,
        3.9090726375579834,
        3.903517961502075,
        3.898536443710327
    ],
    "val_accs": [
        0.792187511920929,
        0.9636874794960022,
        0.9703958630561829,
        0.9723333120346069,
        0.9752291440963745
    ],
    "test_acc_original": 0.9733999967575073,
    "test_loss_original": 3.901309013366699,
    "test_acc_inverted": 0.9207000136375427,
    "test_loss_inverted": 3.9647750854492188
}