{
    "losses": [
        4.061290264129639,
        3.9116861820220947,
        3.897904396057129,
        3.8889222145080566,
        3.883509874343872
    ],
    "accs": [
        0.8663958311080933,
        0.9779999852180481,
        0.9847708344459534,
        0.9902499914169312,
        0.9931041598320007
    ],
    "val_losses": [
        4.077063083648682,
        3.920720338821411,
        3.908135175704956,
        3.9002909660339355,
        3.8956005573272705
    ],
    "val_accs": [
        0.8400624990463257,
        0.963937520980835,
        0.9713541865348816,
        0.9748333096504211,
        0.9774166941642761
    ],
    "test_acc_original": 0.9765999913215637,
    "test_loss_original": 3.894709348678589,
    "test_acc_inverted": 0.9624999761581421,
    "test_loss_inverted": 3.9110405445098877
}