{
    "losses": [
        4.073139190673828,
        3.914320707321167,
        3.8987209796905518,
        3.8906471729278564,
        3.8841605186462402
    ],
    "accs": [
        0.8554583191871643,
        0.976479172706604,
        0.9850416779518127,
        0.9894791841506958,
        0.9925833344459534
    ],
    "val_losses": [
        4.090376377105713,
        3.9238038063049316,
        3.9081196784973145,
        3.9030253887176514,
        3.89756178855896
    ],
    "val_accs": [
        0.8285208344459534,
        0.9631041884422302,
        0.9712708592414856,
        0.9731249809265137,
        0.9757916927337646
    ],
    "test_acc_original": 0.9739000201225281,
    "test_loss_original": 3.8985719680786133,
    "test_acc_inverted": 0.8924000263214111,
    "test_loss_inverted": 3.985032081604004
}