{
    "losses": [
        4.0780229568481445,
        3.9125051498413086,
        3.898838520050049,
        3.890610456466675,
        3.8841519355773926
    ],
    "accs": [
        0.8541041612625122,
        0.9780208468437195,
        0.98458331823349,
        0.989187479019165,
        0.9933124780654907
    ],
    "val_losses": [
        4.0945024490356445,
        3.9241878986358643,
        3.9079952239990234,
        3.9042980670928955,
        3.898548126220703
    ],
    "val_accs": [
        0.8273958563804626,
        0.9610000252723694,
        0.9715833067893982,
        0.9728124737739563,
        0.9750833511352539
    ],
    "test_acc_original": 0.9740999937057495,
    "test_loss_original": 3.8978960514068604,
    "test_acc_inverted": 0.9416999816894531,
    "test_loss_inverted": 3.93595027923584
}