{
    "losses": [
        3.8727447986602783,
        3.7582974433898926,
        3.746208906173706
    ],
    "accs": [
        0.8080000281333923,
        0.8853333592414856,
        0.8915625214576721
    ],
    "val_losses": [
        3.8926918506622314,
        3.772153854370117,
        3.76271390914917
    ],
    "val_accs": [
        0.7825000286102295,
        0.8691874742507935,
        0.8727291822433472
    ],
    "test_acc_original": 0.8787000179290771,
    "test_loss_original": 3.7562015056610107,
    "test_acc_inverted": 0.6004999876022339,
    "test_loss_inverted": 4.066909313201904
}