{
    "losses": [
        3.785001039505005,
        3.6662609577178955,
        3.6532211303710938
    ],
    "accs": [
        0.893708348274231,
        0.9792291522026062,
        0.9865000247955322
    ],
    "val_losses": [
        3.8034515380859375,
        3.6779026985168457,
        3.664780378341675
    ],
    "val_accs": [
        0.8688750267028809,
        0.9637291431427002,
        0.9714166522026062
    ],
    "test_acc_original": 0.9714000225067139,
    "test_loss_original": 3.660181999206543,
    "test_acc_inverted": 0.6430000066757202,
    "test_loss_inverted": 4.002918720245361
}