{
    "losses": [
        3.8993632793426514,
        3.7506468296051025,
        3.739826202392578
    ],
    "accs": [
        0.7806041836738586,
        0.8922291398048401,
        0.8973749876022339
    ],
    "val_losses": [
        3.912266969680786,
        3.7618913650512695,
        3.7519266605377197
    ],
    "val_accs": [
        0.7618749737739563,
        0.8773333430290222,
        0.8823750019073486
    ],
    "test_acc_original": 0.8847000002861023,
    "test_loss_original": 3.7503836154937744,
    "test_acc_inverted": 0.7141000032424927,
    "test_loss_inverted": 3.9288876056671143
}