{
    "losses": [
        3.8250489234924316,
        3.6727793216705322,
        3.659947633743286
    ],
    "accs": [
        0.8640000224113464,
        0.9740208387374878,
        0.9808958172798157
    ],
    "val_losses": [
        3.841825246810913,
        3.6824190616607666,
        3.670369863510132
    ],
    "val_accs": [
        0.8394791483879089,
        0.960687518119812,
        0.9681249856948853
    ],
    "test_acc_original": 0.9702000021934509,
    "test_loss_original": 3.664682388305664,
    "test_acc_inverted": 0.8137999773025513,
    "test_loss_inverted": 3.824101448059082
}