{
    "losses": [
        3.861433506011963,
        3.6987998485565186,
        3.651238203048706
    ],
    "accs": [
        0.8158541917800903,
        0.9444791674613953,
        0.9866874814033508
    ],
    "val_losses": [
        3.882887363433838,
        3.708165407180786,
        3.6600136756896973
    ],
    "val_accs": [
        0.7901041507720947,
        0.9316250085830688,
        0.9752708077430725
    ],
    "test_acc_original": 0.9783999919891357,
    "test_loss_original": 3.653803825378418,
    "test_acc_inverted": 0.6996999979019165,
    "test_loss_inverted": 3.932624101638794
}