{
    "losses": [
        3.8015081882476807,
        3.6736416816711426,
        3.660433530807495
    ],
    "accs": [
        0.882479190826416,
        0.9749166369438171,
        0.9810000061988831
    ],
    "val_losses": [
        3.8158297538757324,
        3.6829118728637695,
        3.668703079223633
    ],
    "val_accs": [
        0.8608958125114441,
        0.9605000019073486,
        0.9680208563804626
    ],
    "test_acc_original": 0.97079998254776,
    "test_loss_original": 3.666363000869751,
    "test_acc_inverted": 0.8931000232696533,
    "test_loss_inverted": 3.7492640018463135
}