{
    "losses": [
        3.8009374141693115,
        3.6700286865234375,
        3.65710186958313
    ],
    "accs": [
        0.8844166398048401,
        0.9751458168029785,
        0.9819375276565552
    ],
    "val_losses": [
        3.8180289268493652,
        3.6802780628204346,
        3.66581130027771
    ],
    "val_accs": [
        0.862500011920929,
        0.9629583358764648,
        0.9709374904632568
    ],
    "test_acc_original": 0.9782999753952026,
    "test_loss_original": 3.657374143600464,
    "test_acc_inverted": 0.8065000176429749,
    "test_loss_inverted": 3.834151268005371
}