{
    "losses": [
        3.7974693775177,
        3.6643781661987305,
        3.652817964553833
    ],
    "accs": [
        0.8802708387374878,
        0.9789375066757202,
        0.9857500195503235
    ],
    "val_losses": [
        3.8119394779205322,
        3.6732676029205322,
        3.663738250732422
    ],
    "val_accs": [
        0.8581666946411133,
        0.9667291641235352,
        0.9712291955947876
    ],
    "test_acc_original": 0.9706000089645386,
    "test_loss_original": 3.665151596069336,
    "test_acc_inverted": 0.7534000277519226,
    "test_loss_inverted": 3.8878049850463867
}