{
    "losses": [
        3.785250663757324,
        3.6659789085388184,
        3.6524596214294434
    ],
    "accs": [
        0.8942291736602783,
        0.9788333177566528,
        0.9862916469573975
    ],
    "val_losses": [
        3.8013477325439453,
        3.6770143508911133,
        3.664125442504883
    ],
    "val_accs": [
        0.8697083592414856,
        0.963937520980835,
        0.9712291955947876
    ],
    "test_acc_original": 0.9714999794960022,
    "test_loss_original": 3.6669163703918457,
    "test_acc_inverted": 0.6190999746322632,
    "test_loss_inverted": 4.037431240081787
}