{
    "losses": [
        3.8149707317352295,
        3.6637799739837646,
        3.651641607284546
    ],
    "accs": [
        0.8590208292007446,
        0.9794374704360962,
        0.9863749742507935
    ],
    "val_losses": [
        3.827167272567749,
        3.673213005065918,
        3.6622235774993896
    ],
    "val_accs": [
        0.8429999947547913,
        0.9665833115577698,
        0.9727708101272583
    ],
    "test_acc_original": 0.9775999784469604,
    "test_loss_original": 3.656371593475342,
    "test_acc_inverted": 0.8901000022888184,
    "test_loss_inverted": 3.7616093158721924
}