{
    "losses": [
        3.8747873306274414,
        3.668692111968994,
        3.656627655029297
    ],
    "accs": [
        0.8128541707992554,
        0.976645827293396,
        0.9823125004768372
    ],
    "val_losses": [
        3.8874006271362305,
        3.6779537200927734,
        3.666430950164795
    ],
    "val_accs": [
        0.7964375019073486,
        0.9645416736602783,
        0.9699375033378601
    ],
    "test_acc_original": 0.968999981880188,
    "test_loss_original": 3.6643855571746826,
    "test_acc_inverted": 0.8935999870300293,
    "test_loss_inverted": 3.7490625381469727
}