{
    "losses": [
        3.80965256690979,
        3.673243761062622,
        3.659824848175049
    ],
    "accs": [
        0.8746041655540466,
        0.973645806312561,
        0.9815833568572998
    ],
    "val_losses": [
        3.823002576828003,
        3.6817128658294678,
        3.6678054332733154
    ],
    "val_accs": [
        0.8523749709129333,
        0.9613958597183228,
        0.968874990940094
    ],
    "test_acc_original": 0.9706000089645386,
    "test_loss_original": 3.663470983505249,
    "test_acc_inverted": 0.9180999994277954,
    "test_loss_inverted": 3.722006320953369
}