{
    "losses": [
        4.06342887878418,
        3.8824355602264404,
        3.7650914192199707
    ],
    "accs": [
        0.6167916655540466,
        0.7632499933242798,
        0.8769583106040955
    ],
    "val_losses": [
        4.082014560699463,
        3.8916244506835938,
        3.7708330154418945
    ],
    "val_accs": [
        0.5971041917800903,
        0.7539166808128357,
        0.8690416812896729
    ],
    "test_acc_original": 0.8815000057220459,
    "test_loss_original": 3.7517831325531006,
    "test_acc_inverted": 0.8673999905586243,
    "test_loss_inverted": 3.7684569358825684
}