{
    "losses": [
        3.803402900695801,
        3.666867733001709,
        3.654658317565918
    ],
    "accs": [
        0.874750018119812,
        0.9777916669845581,
        0.9840624928474426
    ],
    "val_losses": [
        3.8206276893615723,
        3.6774370670318604,
        3.665656805038452
    ],
    "val_accs": [
        0.8509374856948853,
        0.9637083411216736,
        0.9700000286102295
    ],
    "test_acc_original": 0.972100019454956,
    "test_loss_original": 3.6615071296691895,
    "test_acc_inverted": 0.8137999773025513,
    "test_loss_inverted": 3.830382823944092
}