{
    "losses": [
        3.777498483657837,
        3.6642158031463623,
        3.6519224643707275
    ],
    "accs": [
        0.8987916707992554,
        0.9791458249092102,
        0.9865000247955322
    ],
    "val_losses": [
        3.791534185409546,
        3.672445058822632,
        3.6630680561065674
    ],
    "val_accs": [
        0.8767916560173035,
        0.9683958292007446,
        0.9717291593551636
    ],
    "test_acc_original": 0.9753000140190125,
    "test_loss_original": 3.6597657203674316,
    "test_acc_inverted": 0.800599992275238,
    "test_loss_inverted": 3.838848114013672
}