{
    "losses": [
        3.8085670471191406,
        3.6711950302124023,
        3.658538818359375
    ],
    "accs": [
        0.8736041784286499,
        0.9747083187103271,
        0.9822291731834412
    ],
    "val_losses": [
        3.82031512260437,
        3.678525447845459,
        3.668297290802002
    ],
    "val_accs": [
        0.8547083139419556,
        0.9644374847412109,
        0.9686458110809326
    ],
    "test_acc_original": 0.963699996471405,
    "test_loss_original": 3.672903537750244,
    "test_acc_inverted": 0.9218999743461609,
    "test_loss_inverted": 3.717668056488037
}