{
    "losses": [
        3.498610734939575,
        3.3424341678619385,
        3.3272793292999268,
        3.319108486175537,
        3.3139657974243164
    ],
    "accs": [
        0.7496874928474426,
        0.8654999732971191,
        0.8734375238418579,
        0.8773124814033508,
        0.8797500133514404
    ],
    "val_losses": [
        3.508831024169922,
        3.350189208984375,
        3.331575632095337,
        3.3270819187164307,
        3.3195533752441406
    ],
    "val_accs": [
        0.7319583296775818,
        0.8541250228881836,
        0.8658958077430725,
        0.8665000200271606,
        0.8728125095367432
    ],
    "test_acc_original": 0.8676000237464905,
    "test_loss_original": 3.320638656616211,
    "test_acc_inverted": 0.843500018119812,
    "test_loss_inverted": 3.3495280742645264
}