{
    "losses": [
        3.4335837364196777,
        3.2330899238586426,
        3.217827081680298,
        3.209932327270508,
        3.2046291828155518
    ],
    "accs": [
        0.8157708048820496,
        0.9773333072662354,
        0.9852291941642761,
        0.989270806312561,
        0.9924166798591614
    ],
    "val_losses": [
        3.449728488922119,
        3.2441866397857666,
        3.227280616760254,
        3.2207372188568115,
        3.2152440547943115
    ],
    "val_accs": [
        0.7898958325386047,
        0.9617916941642761,
        0.9720208048820496,
        0.9750416874885559,
        0.9788333177566528
    ],
    "test_acc_original": 0.9783999919891357,
    "test_loss_original": 3.2138428688049316,
    "test_acc_inverted": 0.9677000045776367,
    "test_loss_inverted": 3.225534677505493
}