{
    "losses": [
        3.3884687423706055,
        3.233523368835449,
        3.2197446823120117,
        3.2118337154388428,
        3.2056081295013428
    ],
    "accs": [
        0.859250009059906,
        0.9769166707992554,
        0.9836249947547913,
        0.9879791736602783,
        0.9916041493415833
    ],
    "val_losses": [
        3.4038469791412354,
        3.242936849594116,
        3.2302823066711426,
        3.2232205867767334,
        3.2180933952331543
    ],
    "val_accs": [
        0.8353124856948853,
        0.9628124833106995,
        0.9698958396911621,
        0.9737916588783264,
        0.9754375219345093
    ],
    "test_acc_original": 0.9781000018119812,
    "test_loss_original": 3.2139670848846436,
    "test_acc_inverted": 0.9404000043869019,
    "test_loss_inverted": 3.254774332046509
}