{
    "losses": [
        3.419675827026367,
        3.234086036682129,
        3.218294382095337,
        3.2094247341156006,
        3.204094171524048
    ],
    "accs": [
        0.8298749923706055,
        0.976312518119812,
        0.9850208163261414,
        0.9901250004768372,
        0.9925833344459534
    ],
    "val_losses": [
        3.4383819103240967,
        3.245529890060425,
        3.228489875793457,
        3.2204749584198,
        3.2166335582733154
    ],
    "val_accs": [
        0.8031666874885559,
        0.9600625038146973,
        0.9705625176429749,
        0.9754999876022339,
        0.9767916798591614
    ],
    "test_acc_original": 0.9768999814987183,
    "test_loss_original": 3.2166504859924316,
    "test_acc_inverted": 0.9462000131607056,
    "test_loss_inverted": 3.2502710819244385
}