{
    "losses": [
        3.4141011238098145,
        3.2325618267059326,
        3.218470811843872,
        3.2099928855895996,
        3.204681634902954
    ],
    "accs": [
        0.8348333239555359,
        0.9768333435058594,
        0.9843124747276306,
        0.989229142665863,
        0.9923333525657654
    ],
    "val_losses": [
        3.4297590255737305,
        3.2425999641418457,
        3.2303433418273926,
        3.219832420349121,
        3.2160823345184326
    ],
    "val_accs": [
        0.8113333582878113,
        0.9634791612625122,
        0.9693333506584167,
        0.9757916927337646,
        0.9773958325386047
    ],
    "test_acc_original": 0.9763000011444092,
    "test_loss_original": 3.215637445449829,
    "test_acc_inverted": 0.9585000276565552,
    "test_loss_inverted": 3.2373554706573486
}