{
    "losses": [
        3.388636827468872,
        3.2347583770751953,
        3.220329761505127,
        3.211658239364624,
        3.206099510192871
    ],
    "accs": [
        0.8621458411216736,
        0.9757500290870667,
        0.9836666584014893,
        0.9883750081062317,
        0.9914791584014893
    ],
    "val_losses": [
        3.4062767028808594,
        3.242797613143921,
        3.230309009552002,
        3.222346305847168,
        3.2180299758911133
    ],
    "val_accs": [
        0.8370416760444641,
        0.9633541703224182,
        0.9695833325386047,
        0.9735000133514404,
        0.9767083525657654
    ],
    "test_acc_original": 0.9726999998092651,
    "test_loss_original": 3.2209036350250244,
    "test_acc_inverted": 0.949400007724762,
    "test_loss_inverted": 3.2499895095825195
}