{
    "losses": [
        3.377882480621338
    ],
    "accs": [
        0.8713333606719971
    ],
    "val_losses": [
        3.3929057121276855
    ],
    "val_accs": [
        0.8470208048820496
    ],
    "test_acc_original": 0.9526000022888184,
    "test_loss_original": 3.257443428039551,
    "test_acc_inverted": 0.8852999806404114,
    "test_loss_inverted": 3.328880548477173
}