{
    "losses": [
        3.42519211769104
    ],
    "accs": [
        0.8166666626930237
    ],
    "val_losses": [
        3.436805009841919
    ],
    "val_accs": [
        0.799875020980835
    ],
    "test_acc_original": 0.8705000281333923,
    "test_loss_original": 3.3390133380889893,
    "test_acc_inverted": 0.8482000231742859,
    "test_loss_inverted": 3.3597054481506348
}