{
    "losses": [
        3.4708316326141357
    ],
    "accs": [
        0.7920833230018616
    ],
    "val_losses": [
        3.4876394271850586
    ],
    "val_accs": [
        0.765625
    ],
    "test_acc_original": 0.8978000283241272,
    "test_loss_original": 3.353754758834839,
    "test_acc_inverted": 0.8639000058174133,
    "test_loss_inverted": 3.375577449798584
}