{
    "losses": [
        3.3767809867858887
    ],
    "accs": [
        0.8693749904632568
    ],
    "val_losses": [
        3.3958208560943604
    ],
    "val_accs": [
        0.8397708535194397
    ],
    "test_acc_original": 0.9570000171661377,
    "test_loss_original": 3.2495644092559814,
    "test_acc_inverted": 0.8949999809265137,
    "test_loss_inverted": 3.3183772563934326
}