{
    "losses": [
        3.7801413536071777,
        3.6705708503723145,
        3.6581015586853027,
        3.651332378387451,
        3.6469619274139404
    ],
    "accs": [
        0.8988958597183228,
        0.9758541584014893,
        0.9823958277702332,
        0.9867083430290222,
        0.9883958101272583
    ],
    "val_losses": [
        3.7944722175598145,
        3.6779141426086426,
        3.6672005653381348,
        3.6609947681427,
        3.656874656677246
    ],
    "val_accs": [
        0.8785625100135803,
        0.9653124809265137,
        0.9692083597183228,
        0.9729999899864197,
        0.9757916927337646
    ],
    "test_acc_original": 0.9764999747276306,
    "test_loss_original": 3.6545305252075195,
    "test_acc_inverted": 0.9143999814987183,
    "test_loss_inverted": 3.7229371070861816
}