{
    "losses": [
        2.1643600463867188,
        2.1351823806762695,
        2.132864236831665,
        2.131059169769287,
        2.1295061111450195
    ],
    "accs": [
        0.296958327293396,
        0.3087708353996277,
        0.30945834517478943,
        0.31027084589004517,
        0.31054165959358215
    ],
    "val_losses": [
        2.1699118614196777,
        2.1419692039489746,
        2.1382367610931396,
        2.1345975399017334,
        2.13442063331604
    ],
    "val_accs": [
        0.2931666672229767,
        0.30674999952316284,
        0.3076458275318146,
        0.31081250309944153,
        0.30808332562446594
    ],
    "test_acc_original": 0.3093000054359436,
    "test_loss_original": 2.131315231323242,
    "test_acc_inverted": 0.30970001220703125,
    "test_loss_inverted": 2.130277633666992
}