{
    "losses": [
        2.0598502159118652,
        1.9020813703536987,
        1.8954784870147705,
        1.8915032148361206,
        1.889471411705017
    ],
    "accs": [
        0.359208345413208,
        0.49787500500679016,
        0.49941667914390564,
        0.5015000104904175,
        0.5021874904632568
    ],
    "val_losses": [
        2.0680534839630127,
        1.9084463119506836,
        1.8980636596679688,
        1.8984473943710327,
        1.8956797122955322
    ],
    "val_accs": [
        0.3542500138282776,
        0.49285417795181274,
        0.4986041784286499,
        0.4961875081062317,
        0.4972916543483734
    ],
    "test_acc_original": 0.5034000277519226,
    "test_loss_original": 1.8868744373321533,
    "test_acc_inverted": 0.4860000014305115,
    "test_loss_inverted": 1.9155570268630981
}