{
    "losses": [
        4.049860954284668,
        3.916395902633667,
        3.9028451442718506,
        3.8961181640625,
        3.890371322631836
    ],
    "accs": [
        0.8753541707992554,
        0.9746875166893005,
        0.9823333621025085,
        0.9849583506584167,
        0.9891250133514404
    ],
    "val_losses": [
        4.062511920928955,
        3.925320625305176,
        3.909724235534668,
        3.904942274093628,
        3.900879144668579
    ],
    "val_accs": [
        0.8551458120346069,
        0.9613541960716248,
        0.9704999923706055,
        0.9722291827201843,
        0.9742916822433472
    ],
    "test_acc_original": 0.9768999814987183,
    "test_loss_original": 3.8998324871063232,
    "test_acc_inverted": 0.9365000128746033,
    "test_loss_inverted": 3.9441676139831543
}