{
    "losses": [
        4.75217342376709,
        4.6029253005981445,
        4.589629650115967,
        4.582068920135498,
        4.576633453369141
    ],
    "accs": [
        0.8628125190734863,
        0.9745416641235352,
        0.9818333387374878,
        0.9854791760444641,
        0.988979160785675
    ],
    "val_losses": [
        4.764429569244385,
        4.611233711242676,
        4.597687721252441,
        4.591054916381836,
        4.588191032409668
    ],
    "val_accs": [
        0.8441874980926514,
        0.9622708559036255,
        0.9694374799728394,
        0.9725416898727417,
        0.9738958477973938
    ],
    "test_acc_original": 0.9761000275611877,
    "test_loss_original": 4.585777759552002,
    "test_acc_inverted": 0.9412000179290771,
    "test_loss_inverted": 4.623867034912109
}