{
    "losses": [
        4.727558612823486,
        4.600082874298096,
        4.587234973907471,
        4.579581260681152,
        4.574885845184326
    ],
    "accs": [
        0.8839374780654907,
        0.9754375219345093,
        0.9825416803359985,
        0.9872499704360962,
        0.9902291893959045
    ],
    "val_losses": [
        4.7409467697143555,
        4.608767032623291,
        4.595477104187012,
        4.589325428009033,
        4.584437370300293
    ],
    "val_accs": [
        0.8631874918937683,
        0.9632291793823242,
        0.9704791903495789,
        0.9734583497047424,
        0.9771249890327454
    ],
    "test_acc_original": 0.9753999710083008,
    "test_loss_original": 4.58768892288208,
    "test_acc_inverted": 0.9394999742507935,
    "test_loss_inverted": 4.63027811050415
}