{
    "losses": [
        2.7629218101501465,
        2.6515321731567383,
        2.6414883136749268,
        2.6350584030151367,
        2.6313812732696533
    ],
    "accs": [
        0.8097708225250244,
        0.8859999775886536,
        0.8898125290870667,
        0.8925625085830688,
        0.8941041827201843
    ],
    "val_losses": [
        2.775516986846924,
        2.657529830932617,
        2.646404266357422,
        2.6419265270233154,
        2.6376824378967285
    ],
    "val_accs": [
        0.7917291522026062,
        0.8772708177566528,
        0.88302081823349,
        0.8839791417121887,
        0.8861250281333923
    ],
    "test_acc_original": 0.8805999755859375,
    "test_loss_original": 2.6450414657592773,
    "test_acc_inverted": 0.8712999820709229,
    "test_loss_inverted": 2.6525182723999023
}