{
    "losses": [
        2.87782883644104,
        2.6552891731262207,
        2.6424453258514404,
        2.6361117362976074,
        2.6181416511535645
    ],
    "accs": [
        0.7356874942779541,
        0.8834375143051147,
        0.8890833258628845,
        0.8917708396911621,
        0.9093124866485596
    ],
    "val_losses": [
        2.8909590244293213,
        2.6588542461395264,
        2.6514484882354736,
        2.6444602012634277,
        2.629593849182129
    ],
    "val_accs": [
        0.7162916660308838,
        0.8774999976158142,
        0.8770624995231628,
        0.882479190826416,
        0.8959791660308838
    ],
    "test_acc_original": 0.9733999967575073,
    "test_loss_original": 2.5518839359283447,
    "test_acc_inverted": 0.9617999792098999,
    "test_loss_inverted": 2.5666913986206055
}