{
    "losses": [
        2.6922802925109863,
        2.5645363330841064,
        2.552175998687744,
        2.5461416244506836,
        2.5414345264434814
    ],
    "accs": [
        0.8846874833106995,
        0.976604163646698,
        0.9833958148956299,
        0.9863749742507935,
        0.9892083406448364
    ],
    "val_losses": [
        2.705122470855713,
        2.5726993083953857,
        2.5598015785217285,
        2.5558156967163086,
        2.550924062728882
    ],
    "val_accs": [
        0.864104151725769,
        0.9636250138282776,
        0.9717708230018616,
        0.9736666679382324,
        0.9767083525657654
    ],
    "test_acc_original": 0.9754999876022339,
    "test_loss_original": 2.5518550872802734,
    "test_acc_inverted": 0.9539999961853027,
    "test_loss_inverted": 2.576622247695923
}