{
    "losses": [
        5.42568826675415,
        5.288998603820801,
        5.277004241943359,
        5.26900053024292,
        5.264837741851807
    ],
    "accs": [
        0.8759375214576721,
        0.9758958220481873,
        0.9830625057220459,
        0.987375020980835,
        0.9899166822433472
    ],
    "val_losses": [
        5.43765926361084,
        5.2960333824157715,
        5.284696102142334,
        5.277368068695068,
        5.274785995483398
    ],
    "val_accs": [
        0.8583124876022339,
        0.9660624861717224,
        0.9718124866485596,
        0.9760000109672546,
        0.9765625
    ],
    "test_acc_original": 0.9740999937057495,
    "test_loss_original": 5.277403354644775,
    "test_acc_inverted": 0.9376000165939331,
    "test_loss_inverted": 5.317168712615967
}