{
    "losses": [
        3.441401958465576,
        3.327471971511841,
        3.3158609867095947,
        3.309347629547119,
        3.303820848464966
    ],
    "accs": [
        0.8333541750907898,
        0.9396458268165588,
        0.9546458125114441,
        0.9627083539962769,
        0.9697916507720947
    ],
    "val_losses": [
        3.4516735076904297,
        3.3375051021575928,
        3.32323956489563,
        3.3238792419433594,
        3.314974069595337
    ],
    "val_accs": [
        0.8161458373069763,
        0.9257291555404663,
        0.9397291541099548,
        0.9467291831970215,
        0.9549999833106995
    ],
    "test_acc_original": 0.9620000123977661,
    "test_loss_original": 3.3135647773742676,
    "test_acc_inverted": 0.8865000009536743,
    "test_loss_inverted": 3.339542865753174
}