{
    "losses": [
        5.424446105957031,
        5.2900471687316895,
        5.27708625793457,
        5.270059108734131,
        5.265695095062256
    ],
    "accs": [
        0.8801875114440918,
        0.9753958582878113,
        0.9831666946411133,
        0.9864791631698608,
        0.989062488079071
    ],
    "val_losses": [
        5.438732624053955,
        5.298074722290039,
        5.286250114440918,
        5.2801127433776855,
        5.277140140533447
    ],
    "val_accs": [
        0.8583124876022339,
        0.9627083539962769,
        0.969041645526886,
        0.9728333353996277,
        0.9742083549499512
    ],
    "test_acc_original": 0.9776999950408936,
    "test_loss_original": 5.273672580718994,
    "test_acc_inverted": 0.9466000199317932,
    "test_loss_inverted": 5.308616638183594
}