{
    "losses": [
        3.575014114379883,
        3.3499693870544434,
        3.319566488265991,
        3.312582015991211,
        3.307785749435425
    ],
    "accs": [
        0.6694583296775818,
        0.8598750233650208,
        0.882687509059906,
        0.8862083554267883,
        0.8890208601951599
    ],
    "val_losses": [
        3.576951742172241,
        3.354203462600708,
        3.3212695121765137,
        3.315960168838501,
        3.3115975856781006
    ],
    "val_accs": [
        0.6669999957084656,
        0.8534166812896729,
        0.8787708282470703,
        0.8810416460037231,
        0.882854163646698
    ],
    "test_acc_original": 0.8804000020027161,
    "test_loss_original": 3.3118157386779785,
    "test_acc_inverted": 0.8148999810218811,
    "test_loss_inverted": 3.386085271835327
}