{
    "losses": [
        1.8958837985992432,
        1.8200815916061401,
        1.8117928504943848,
        1.8081295490264893,
        1.8045597076416016
    ],
    "accs": [
        0.565416693687439,
        0.5998333096504211,
        0.6042708158493042,
        0.604479193687439,
        0.606333315372467
    ],
    "val_losses": [
        1.9077112674713135,
        1.8286174535751343,
        1.8184314966201782,
        1.8195058107376099,
        1.8096510171890259
    ],
    "val_accs": [
        0.5560625195503235,
        0.5954583287239075,
        0.598354160785675,
        0.593625009059906,
        0.601854145526886
    ],
    "test_acc_original": 0.5996000170707703,
    "test_loss_original": 1.8126587867736816,
    "test_acc_inverted": 0.5866000056266785,
    "test_loss_inverted": 1.8373836278915405
}