{
    "losses": [
        4.0634636878967285,
        3.9154980182647705,
        3.902939796447754,
        3.8964853286743164,
        3.891150951385498
    ],
    "accs": [
        0.8638749718666077,
        0.9751874804496765,
        0.9819375276565552,
        0.9850208163261414,
        0.9883333444595337
    ],
    "val_losses": [
        4.07525110244751,
        3.924492835998535,
        3.9123928546905518,
        3.906421661376953,
        3.902738332748413
    ],
    "val_accs": [
        0.8446041941642761,
        0.9616041779518127,
        0.9682916402816772,
        0.9711458086967468,
        0.9732499718666077
    ],
    "test_acc_original": 0.975600004196167,
    "test_loss_original": 3.8998985290527344,
    "test_acc_inverted": 0.9430000185966492,
    "test_loss_inverted": 3.9392850399017334
}