{
    "losses": [
        3.8116507530212402
    ],
    "accs": [
        0.8736666440963745
    ],
    "val_losses": [
        3.823438882827759
    ],
    "val_accs": [
        0.8548750281333923
    ],
    "test_acc_original": 0.9498999714851379,
    "test_loss_original": 3.6930620670318604,
    "test_acc_inverted": 0.9236000180244446,
    "test_loss_inverted": 3.7216992378234863
}